{"cameraMode":{"drawMode":0,"name":"Shaded","section":"Shading Mode"},"sceneLighting":false,"audioPlay":false,"sceneViewState":{"showFog":true,"showMaterialUpdate":false,"showSkybox":false,"showFlares":true,"showImageEffects":true,"showParticleSystems":true},"in2DMode":false,"pivot":{"x":0.3880000114440918,"y":0.9859999418258667,"z":23.479999542236329},"rotation":{"x":-0.14513292908668519,"y":0.7115073800086975,"z":-0.154117614030838,"w":-0.6700310111045837},"size":0.9328844547271729,"orthographic":false}