{"cameraMode":{"drawMode":0,"name":"Shaded","section":"Shading Mode"},"sceneLighting":false,"audioPlay":false,"sceneViewState":{"showFog":true,"showMaterialUpdate":false,"showSkybox":false,"showFlares":true,"showImageEffects":true,"showParticleSystems":true},"in2DMode":false,"pivot":{"x":-5.960464477539063e-8,"y":0.6178864240646362,"z":0.1101844310760498},"rotation":{"x":-0.0715651884675026,"y":0.7527766227722168,"z":-0.08299745619297028,"w":-0.649089515209198},"size":3.3722901344299318,"orthographic":false}