{"cameraMode":{"drawMode":0,"name":"Shaded","section":"Shading Mode"},"sceneLighting":false,"audioPlay":false,"sceneViewState":{"showFog":true,"showMaterialUpdate":false,"showSkybox":false,"showFlares":true,"showImageEffects":true,"showParticleSystems":true},"in2DMode":false,"pivot":{"x":1.1920928955078126e-7,"y":1.1168090105056763,"z":-0.19915467500686646},"rotation":{"x":-0.25978314876556399,"y":0.6352648138999939,"z":-0.24043020606040955,"w":-0.6863998174667358},"size":6.095300674438477,"orthographic":false}